{"cameraMode":{"drawMode":0,"name":"Shaded","section":"Shading Mode"},"sceneLighting":true,"audioPlay":false,"sceneViewState":{"m_AlwaysRefresh":false,"showFog":true,"showSkybox":true,"showFlares":true,"showImageEffects":true,"showParticleSystems":true,"showVisualEffectGraphs":true,"m_FxEnabled":true},"in2DMode":false,"pivot":{"x":-279.89276123046877,"y":100.68894958496094,"z":-413.8029479980469},"rotation":{"x":0.0858757421374321,"y":0.3227067291736603,"z":-0.02941332571208477,"w":0.9421411752700806},"size":18.469131469726564,"orthographic":true}